2000,2001,2002,2003,2004,2005,2006,2007,2008,2009,2010,2011,2012,2013,2014,2015,2016,2017,2018,2019,2020,2021,2022,2023,2024,2025,DataSeries
1482.6,1582.5,1573.7,1605.4,1632.1,1647.3,1796.7,1803.2,1852,1869.4,1962.9,1998.9,2040.6,2056.1,2103.5,2147.8,2165.3,2175.3,2203.7,2230.4,2222.6,2286.5,2350.4,2352.3,2365.6,2376.4,All Industries (Employed Residents)
288.8,306.9,298.3,302.5,296.6,273.9,301.7,304.5,311.9,293.6,291.4,292.4,288.2,280,249.3,238.6,227.2,223.4,227.8,214.4,213,212.1,224.9,212,212.2,210.2,    Manufacturing
92.3,100,96.5,97.7,92.6,85.5,95,100.8,105.5,113.8,104,99.7,104.5,101.9,98.2,110.6,101.2,100.7,104.4,98,97.2,98.4,97.7,94.3,102.9,103.6,    Construction
1088.3,1154.8,1159.6,1184.9,1221.7,1268.4,1377.6,1377.3,1412,1441.2,1530,1583.4,1621.5,1647.5,1731.2,1775.5,1816.9,1829.4,1849.9,1894.5,1891.3,1952.6,2006,2024.8,2028.2,2043.2,    Services
253.7,253.8,256.4,253.7,275.4,303.6,301.1,277,269.5,272.4,281.7,300.5,306.3,302.2,346.3,364.1,364.1,356.2,352.5,356,335.1,338.6,351.8,335.8,336,336.7,        Wholesale & Retail Trade
149.6,171,165.6,163.5,164.2,159.9,174,179.9,182.4,179.9,191.3,192,189.5,192.6,188.9,187.6,188.4,195.9,199,205.5,214.8,200.6,207.4,214.3,197.9,209,        Transportation & Storage
92.6,105,103.5,107.8,107.9,103.2,128.8,123.1,120,124.9,128.9,135.2,129.3,135.1,137.1,139.1,138.2,134.4,134.4,131.8,128.9,125.2,126.6,139.5,147.5,145.8,        Accommodation & Food Services
55.2,75,65.4,68.2,67.5,64,74.8,87.8,87,94.3,100.5,86,86.5,92.3,88.4,86.1,87,91.3,94.1,102.6,111.4,120.4,132.8,136,139.1,129.4,        Information & Communications
91.3,89.1,90.8,88.6,91.9,103.5,106.3,109.7,123.6,121.9,126,145.5,150.6,147.8,165.6,167.3,190.7,189.6,196,209.4,207.9,225.2,235.8,236.2,239.4,235.3,        Financial & Insurance Services
38.4,35.7,34.3,34.5,34.7,35.6,37.7,38.5,40.8,45,40.2,48.9,52,49.3,55.6,55.4,53.5,57.6,54,48.7,49.8,51,59.7,57.2,56.3,58.8,        Real Estate Services
70.8,61.1,61.7,65.9,71.3,93.9,99,97.2,109.6,109.6,112.5,124.8,135,142.8,153,166.6,163,170.8,174.4,181.5,181.4,196.5,197.6,199.8,197.1,192.6,        Professional Services
53.8,57.2,62.1,64.9,68.8,73.6,80.5,88.2,87.2,88.7,100.1,97.4,102.1,99.3,102,108.9,115.9,114.7,117.9,120,128.3,120,120.3,125.2,124,127.8,        Administrative & Support Services
171.3,189.2,199,216.4,212.2,197.3,223.4,220.5,228.5,236.3,266.7,266.3,275.1,284.8,285.2,290.7,294.9,293.7,296.9,304.3,293.9,315.6,309.6,305.6,305.7,310.5,        Public Administration & Education
46.3,53.8,53.1,55.6,61.7,60.1,70.8,69.9,74.3,76.9,83.3,87.4,90.8,94.8,107.7,105.7,115.9,124.8,126,136.2,139.9,152.9,160.3,168.4,174.5,182.8,        Health & Social Services
19.4,13.5,15.3,14.4,14.1,18.4,19.7,22.1,21.1,22.6,32.9,33.7,39,37.2,35.1,37,40.4,35.2,37.7,34.3,34.4,33,34.5,35.6,37.8,37.3,"        Arts, Entertainment & Recreation"
46,50.4,52.5,51.4,52,55.2,61.3,63.5,68,68.7,65.8,65.7,65.3,69.3,66.3,67.1,64.9,65.5,67.1,64.1,65.4,73.5,69.8,71.3,73,77.2,"        Other Community, Social & Personal Services"
13.1,20.7,19.2,20.3,21.2,19.5,22.4,20.5,22.7,20.8,37.5,23.5,26.4,26.8,24.8,23.2,20,21.7,21.6,23.5,21.2,23.4,21.9,21.3,22.2,19.5,    Others
26,30.6,22.1,23.3,25.1,20.3,28.8,33.4,31.5,27.5,37,31,30.9,28.9,28.5,36.9,34.9,32.6,35.3,32.6,26.3,26.9,26.8,30.2,25.1,25.6,Employed Residents Aged 15 - 19 Years
1.4,1.5,1,1.1,1.3,0.9,1.3,0.9,1.1,0.3,0.7,0.7,1.2,0.8,0.7,1.4,0.9,1.1,0.8,0.8,1.2,0.8,1.1,0.8,0.8,0.3,    Manufacturing
0.2,0.3,0.3,0.1,0.3,0.1,0.1,0.3,0.2,0.3,0.1,0.2,0.3,0.1,0.1,0.4,0.3,0.2,0.1,0.4,0.2,0.5,0.4,0.1,0.3,0.5,    Construction
24.3,28.5,20.8,22.1,23.5,19.3,27.4,32.2,30.2,26.9,35.9,30,29.3,27.9,27.7,34.9,33.7,31.2,34.2,31.2,24.9,25.6,25.1,29.3,23.9,24.9,    Services
3.7,4.9,3.6,4.2,5,3.3,5.2,5.6,5.4,3.9,5.1,5,4.1,3.9,3.7,4.7,4.6,3.6,3.9,3.7,2,2.7,2.6,4,2.8,2.7,        Wholesale & Retail Trade
0.7,1.1,0.6,0.4,0.6,0.5,0.7,1,0.9,0.4,0.8,0.7,0.8,0.6,0.6,0.7,0.5,1,1.5,1.3,1.1,1.2,1.3,0.7,1.1,0.8,        Transportation & Storage
2.2,4.2,3.7,3.9,4.6,2.4,6.7,5.5,4.3,4.6,5.2,4.4,4.8,5.7,5.6,5.7,6,5.3,5.7,4.9,3.9,5.4,4,6.2,4.5,4.5,        Accommodation & Food Services
0.6,1,0.5,0.4,0.6,0.2,0.8,0.8,0.6,0.7,1.1,0.6,0.5,0.8,0.8,1,0.6,0.7,1.3,0.5,0.7,0.6,0.7,1.1,0.8,0.6,        Information & Communications
0.8,0.9,0.7,0.3,0.5,0.3,0.6,0.6,0.7,0.3,0.5,0.4,0.7,0.4,0.3,0.7,0.7,0.4,1.1,0.8,0.7,0.8,0.9,0.7,0.8,0.7,        Financial & Insurance Services
0.2,0.1,-,0.1,0.1,0.1,-,-,0.1,0.1,0.2,0.2,0.2,-,0.1,-,0.1,0.1,0.2,0.1,0.1,0.1,-,0.1,0.1,0.1,        Real Estate Services
0.4,0.2,0.4,0.3,0.3,0.3,0.6,0.7,0.7,0.7,1,0.8,0.9,0.9,0.9,1.2,1,0.7,0.9,1.1,0.9,1.2,1.5,0.8,0.6,1,        Professional Services
0.6,0.4,0.5,0.5,0.4,0.6,0.4,0.9,1,0.8,0.9,0.9,0.5,0.7,0.4,0.7,0.5,0.5,0.6,0.7,0.8,0.5,0.3,0.6,0.6,1.2,        Administrative & Support Services
13.7,14.1,9.8,10.8,10.2,10.6,10.8,15.4,14.3,13.4,18,15,14.1,12.7,13.3,17.7,17.5,16.8,16.4,15.4,13.1,10.2,11.6,12.1,10.7,11.7,        Public Administration & Education
0.7,0.9,0.4,0.4,0.5,0.4,0.8,0.7,0.9,0.8,1.5,0.8,1,1,0.8,0.9,1.1,1,0.8,1.2,0.7,2.3,1.1,2,1,1.2,        Health & Social Services
0.4,0.4,0.2,0.1,0.2,0.2,0.3,0.6,0.6,0.8,1.1,0.8,1.2,0.8,1,1,0.8,0.6,1.5,1,0.4,0.2,0.6,0.9,0.5,0.3,"        Arts, Entertainment & Recreation"
0.3,0.3,0.5,0.5,0.5,0.5,0.4,0.4,0.6,0.6,0.5,0.4,0.5,0.5,0.3,0.5,0.4,0.4,0.4,0.3,0.3,0.3,0.6,0.1,0.3,0.3,"        Other Community, Social & Personal Services"
0.1,0.3,0.2,-,0.1,-,-,-,-,-,0.2,-,0.1,-,-,0.1,-,-,0.2,0.2,0.1,0.1,0.1,0.1,na,na,    Others
122.1,130.4,118.3,122.3,127,118.2,139.6,128.1,133.1,127.5,142.1,147.2,156.1,141.9,146.8,150.2,147.2,135.2,135.9,131.3,115.9,124,105.2,112.7,106.5,101.1,Employed Residents Aged 20 - 24 Years
13.8,13.2,11.7,10,10.3,11.2,10.6,11.5,10.5,7.2,7.9,7.9,7.1,7.4,5.9,6.4,5.8,4.8,6,4.9,5.4,5.3,5.3,4.1,3.8,3.5,    Manufacturing
3.3,2.6,2.3,2.2,2.2,1.5,2.2,1.9,2.3,2.2,2.1,1.9,2.8,2,2.3,2.7,1.9,2.6,1.8,1.3,2.1,2.1,1.9,1.7,1.8,2.2,    Construction
104.5,114.1,103.6,109.2,113.9,104.9,126,114.2,119.9,117.6,130.8,136.4,145.3,131.6,137.5,140.1,138.7,127.2,127.2,124.5,107.9,116.4,97.9,106.8,100.4,95.2,    Services
16.5,15.2,14.3,15,15.8,18,17.4,16.7,15,13.5,16.5,16.6,18.1,16.5,17.1,16.7,17.7,15.6,14.7,13.2,11.9,11.2,10,10.4,8.8,10.8,        Wholesale & Retail Trade
7.3,8.1,6.1,6.9,6.4,7.2,6.9,7.4,7.6,6.9,7.1,8.1,7.8,8,7.1,7.5,7.7,8.2,7.7,7.9,8.9,7.2,6.7,5.9,4.7,3.8,        Transportation & Storage
5.3,6.3,5.3,6.8,6.5,6.1,8.1,7.7,7.4,8.3,7.9,10.1,9,8.7,9.7,9.8,9.7,9.2,9.8,10.3,6.8,7.7,6.5,9.5,8.8,9.7,        Accommodation & Food Services
6,7.8,4.7,4.8,5.5,4.9,6.3,6.1,6.8,5.1,6.7,5,6.1,4.8,5.5,5.8,6.1,4.1,5.1,6.2,6.2,7.1,6.6,6,5.6,4.1,        Information & Communications
7.5,6.7,5.2,4.9,6.5,7.1,7.6,8.2,9.6,7.4,7.5,9,10.2,7,8.8,10,10.3,8.4,10.4,7.9,7.6,7.4,6.1,6.8,7.8,5.8,        Financial & Insurance Services
2.3,1.8,1.4,1.3,1.2,1.4,1.6,1.6,1.8,1.4,1.6,1.8,1.9,1.9,1.3,1.8,1.7,1.7,1.5,0.8,0.8,1.2,0.9,1,1,0.6,        Real Estate Services
6.5,6.7,4.4,4.5,6,6.9,8.3,7.7,9.8,7,9,8.9,10,8.7,9.2,11.3,10.3,9.6,10.6,10.2,7.6,11.7,8.3,9,7.4,6.7,        Professional Services
3.3,3.6,3.3,3.6,3.4,4.8,5.3,5,4.9,5.4,5.8,4.7,4.4,5.5,4.9,5.3,5,5.1,3.9,6.6,3.8,3.9,3.4,3.6,3.4,4.9,        Administrative & Support Services
42.1,50.7,52.3,54.7,53.1,40.1,53.3,43.4,46.1,49.7,54.4,56.4,60.2,56.3,57.3,54.2,53.7,48.2,48.1,45.4,41.5,42.3,35.7,40.4,39.5,35.2,        Public Administration & Education
3.7,4.1,3.1,4.2,6.2,4.5,6.6,6.2,6.8,7.4,8,9.6,9.3,7.8,9.8,9.8,9.5,10.9,9.1,10.7,8.9,12.6,9.6,9.7,8.9,9.5,        Health & Social Services
1.6,1.2,1.1,0.9,0.8,1.4,1.7,2.1,1.6,2.2,3.8,3.7,5.6,4,4.5,4.1,4.1,3.8,3.6,2.6,1.6,1.9,2.3,2.7,2.8,2.4,"        Arts, Entertainment & Recreation"
2.4,1.9,2.4,1.8,2.5,2.6,3,2.2,2.6,3.2,2.5,2.5,2.6,2.4,2.4,3.8,2.9,2.5,2.7,2.4,2.4,2.2,1.8,1.8,1.8,1.8,"        Other Community, Social & Personal Services"
0.4,0.5,0.8,0.9,0.6,0.7,0.8,0.4,0.4,0.5,1.3,0.9,1,0.9,1,0.9,0.8,0.6,0.9,0.7,0.4,0.3,0.1,0.2,0.4,0.2,    Others
212.2,209.7,197.9,198,193.9,202.3,201.9,199.9,197.9,204.1,210.7,204.6,197.7,198.3,204.9,208,226.5,217.2,223.5,224.7,230.6,229.2,193,215.6,203.7,188,Employed Residents Aged 25 - 29 Years
41.1,40.7,35.9,37.4,33.1,32.8,32.3,33.6,31.5,27.4,25.5,24.5,22.6,20.1,17.7,13.7,16.1,14.8,15.2,13.7,16.6,14.3,12.5,13.6,12.3,11.2,    Manufacturing
10.6,9.5,8.8,7.3,5.7,5.5,5.3,5.2,5.5,6.4,7.6,5.3,6.5,4.6,6.5,5.6,6.7,5.7,5.6,5.3,6,5.8,4.5,5.2,5.1,4.3,    Construction
159.3,157.2,151.3,151.4,153.1,162.4,162.3,159.8,159.4,168.4,174.5,172.6,166.4,171.4,178.4,186.5,201.7,194.6,200.5,203.3,206.3,207.5,174.5,195,184.8,171.5,    Services
33.9,29.6,28,26.3,29,35.3,28.4,27.8,22.9,23.9,24.8,25.7,22,24.4,26.6,28,28.6,27.1,28.1,27.1,26.6,25.9,20.6,25.6,21.5,19.7,        Wholesale & Retail Trade
17.3,19,16.9,14.4,13.5,13.8,14.4,14.6,14.5,15,17,14.8,15.4,14.7,14.5,13.4,13.8,14.4,16.4,18.8,15.9,17.1,14.7,15.6,12.7,12.5,        Transportation & Storage
7.4,6.9,7,7.5,7.2,7.2,8.5,8.7,7.3,9,8,8.2,7.4,8.9,8.7,9.6,9.7,7.7,9.8,7.8,9.8,8.1,8.3,7.9,9.2,8,        Accommodation & Food Services
14.5,19.7,15.7,14.4,13.2,14.1,13.9,15.8,14.8,16.3,17.9,13.4,11.3,11.5,12,11.5,13.3,12.7,13.5,15.6,18,20.5,19.4,21,20.5,16,        Information & Communications
20,17.4,17,15.4,15.2,17,18.2,17.7,21.8,21.5,23.4,25.4,24.4,22.5,23.5,26.2,27.6,27.7,27.6,29.8,28.6,29.1,21.1,26.8,24.5,24.1,        Financial & Insurance Services
5.3,4.5,4.4,3.8,4.3,4.5,3.5,3.7,3.4,4.8,3.9,5,5.2,3.2,5.3,4.8,4.7,4.1,4.2,3.3,4.3,3.6,2.5,2.7,2.7,2.8,        Real Estate Services
15.3,13.5,13.4,13.5,12.6,16.3,17.3,15.9,15.5,19.8,17.7,16.3,18.4,19.1,22,23,24.8,24.5,24.6,25.7,25.9,28.4,23.5,25.6,25.3,23.2,        Professional Services
6.2,6,6.4,6.7,7,6.3,5.9,7.1,7.5,7.3,7.4,7.1,8,7.9,8,8.1,9.7,9,10.1,9,9.7,8.1,7.1,7.9,7.2,7.2,        Administrative & Support Services
25.8,28,29.6,36.2,36.5,32.9,34.4,32,32.6,31.4,34.4,34.1,33.7,35.3,32.8,35.5,38.6,39,36.6,35.5,34.5,35.1,30.3,31.4,28.9,27,        Public Administration & Education
6,6.6,6.6,7,8.3,7.6,9.4,8.5,11,11,11,11.6,11.8,13.3,15.7,15.1,19,19.3,19.4,22.4,23.3,21.4,20.3,22.7,23.2,22.6,        Health & Social Services
2.7,1.5,1.5,1.6,2,2.3,3.6,3.1,2.4,3.4,4.8,5.6,5.1,5.8,5.1,5.5,6.6,4.6,4.8,3.9,4.8,3.9,3.3,2.9,4.1,3.7,"        Arts, Entertainment & Recreation"
5,4.6,4.8,4.7,4.2,5,4.9,4.8,5.7,4.9,4.2,5.2,3.8,4.7,4.3,6,5.3,4.5,5.3,4.3,4.8,6.3,3.4,4.8,4.9,4.7,"        Other Community, Social & Personal Services"
1.2,2.3,1.8,1.9,2.1,1.7,2,1.4,1.6,1.9,3.2,2.2,2.2,2.2,2.3,2.1,2,2.1,2.2,2.4,1.7,1.7,1.6,1.8,1.6,1,    Others
222.9,228.2,228.3,233.3,232.4,239.5,237.7,237.8,235.3,237.3,245.7,241.3,238.3,241,242.1,236.3,237,236.2,234,246,252.3,293.9,278.7,281.1,269.6,271.4,Employed Residents Aged 30 - 34 Years
52.8,54.1,48.3,51.7,46.6,44.2,44.3,47.1,42.5,41.6,42.1,39.8,35.5,32.9,26.5,25.6,22.6,18.6,18.5,18.6,17.5,20.2,18.9,18.6,16.3,20.9,    Manufacturing
14.4,14.1,11.9,13.3,11.3,10.6,9.2,10,9.4,10.9,10.6,8.5,7.1,7.9,8,9.8,7.4,9.7,8.7,7.2,9.7,9.7,8.4,8.6,7.8,9.2,    Construction
154.5,158.2,166,166.1,171.8,182.6,181.5,178.4,181.1,182.6,188.6,190,192.9,197.5,205.2,199,204.7,205.9,204,217,222.8,260.4,248.9,250.6,242.4,238.5,    Services
39.1,35.9,39.6,34.5,41.3,44,38.7,33.1,33.8,31,30.4,32.8,32.1,31.3,34.5,37.5,36.1,34.4,34.6,36.3,31.8,36.3,36.8,33.9,34.9,33.3,        Wholesale & Retail Trade
18.1,20.6,19.4,19.2,18.8,18.1,17.6,17.4,16.4,14.9,18.7,17.1,15.6,17.5,16.2,15.9,16.4,14.7,17.6,17.8,20,20.9,18.2,20,18,20.8,        Transportation & Storage
8.2,8.7,7.7,8.3,8.4,8.3,9.2,9.6,8.3,10.2,10.4,9.2,8.8,9.5,9.5,8.4,8.1,9.1,8.9,7.7,10,9.4,8.8,10,10.5,8.7,        Accommodation & Food Services
11.6,16.7,16.8,19.1,16.3,16,18.2,20.2,18.3,22,19.1,17,16.4,18.2,16.2,14.2,14.8,15.1,14.7,17.6,16.3,22.6,22.7,23.4,23.3,21.8,        Information & Communications
18.1,17.7,19.1,19,19.8,22,21.5,20.8,23.4,23.6,24,26.2,28,28.2,29.8,28.5,31.9,31.5,29.4,31.7,32.8,39.9,39.8,40,39.5,37.9,        Financial & Insurance Services
5.2,6,4.3,5.1,5.6,5.4,5,5,6.5,5.7,5.7,6.7,6,5.5,6,5.2,5.2,6.9,5.2,5,5.3,5.7,5.7,6.1,5.3,6.4,        Real Estate Services
13.5,10.9,11.4,12.2,13.1,18.3,17.1,17.5,19.3,18.2,17.4,19.7,20.3,20.7,23.3,24.7,22.8,22.8,24,25.6,26.1,29.7,29.3,28.2,27.3,26.1,        Professional Services
6.6,7.6,7.6,7.5,7.7,8,7.3,7.7,7.9,8.2,7.7,8.2,8.8,8.3,9,9,9.3,8.5,8.8,8.7,10.6,11.1,10.1,11.3,7.7,9.3,        Administrative & Support Services
17.9,19.2,24.4,25.6,24.6,26.1,29.6,31.3,29.7,29.8,33.7,32.6,35.4,35.7,36.6,33.7,34.3,35.6,33,36.3,38.6,45.6,41.8,39.7,37.2,37,        Public Administration & Education
7.1,7.7,7.3,7.6,8,7.8,8.8,8.5,8.5,9.7,11.9,10.5,11.1,11.7,14.1,13.5,15,16.7,17.6,18.9,20,26.1,24.5,26.9,27.3,26.8,        Health & Social Services
2.8,1.2,1.5,2.1,2.1,2.3,2.5,2.5,2.6,2.8,3.9,4.3,4.4,5.1,4.3,4,5.1,5.5,5,4.3,5.5,5.1,4.2,4.6,5,3.9,"        Arts, Entertainment & Recreation"
6.1,6,6.7,6,6.1,6.5,5.8,4.9,6.5,6.5,5.9,5.7,5.9,5.7,5.7,4.5,5.6,5.1,5.2,7.3,5.9,8.1,7.1,6.4,6.4,6.4,"        Other Community, Social & Personal Services"
1.1,1.9,2,2.2,2.8,2.1,2.8,2.3,2.3,2.2,4.3,3,2.8,2.7,2.4,1.9,2.4,2.2,2.8,3,2.3,3.5,2.5,3.3,3.2,2.8,    Others
235.2,248.2,245.2,239.1,229.1,239.4,241.4,241.7,256.8,255.7,267.2,260.3,259,253.8,248.6,261,250.3,265.9,263.1,259.8,261.7,274.1,275.3,268.9,282.2,290.2,Employed Residents Aged 35 - 39 Years
54.2,57.3,57.4,56.5,52.8,48.8,49.4,51.5,53.3,49.1,47.9,44.5,42.8,40.7,35.3,32,28.1,30.6,29.5,25.1,23.9,23.9,24.2,22.1,21.1,21.5,    Manufacturing
19.3,21,18.5,16.7,14.7,13.7,13.8,14.7,13.5,15.8,13.5,12.7,12,11.3,8.4,10.2,11.1,10.9,10.6,9.4,10,9.6,9.6,9.3,10.1,10.1,    Construction
159.8,167.4,166.5,162.9,159.5,174.5,175.3,173.2,186.3,188.2,200.3,200.5,201.4,198.6,201.5,216.1,209,221.8,221,222.7,225.1,238.4,238.1,234.9,248.2,255.5,    Services
42.2,41.1,42.8,40.4,38.1,46.7,41.7,36.3,36,37.1,36.4,39.8,40.4,37,41.3,48.4,42,44.4,44.5,40.4,40.7,40.9,38.2,34.9,40.6,36.7,        Wholesale & Retail Trade
21.7,25.6,24,20.8,21.2,19.6,19.8,18.5,19.5,19,21.6,17.7,18.2,18.9,17.3,17.7,18.5,19.9,18.4,18.4,20,18.3,20,20.3,17.9,20.7,        Transportation & Storage
11.4,12.6,11.8,11.6,10.5,10.6,10.1,9.8,10.9,10.2,11.4,12.9,9.3,10.1,10.6,11.4,10.5,10.2,9.4,10.1,11.7,9.8,10.8,11,10.7,11.8,        Accommodation & Food Services
8,12.1,10.3,11.1,11.5,11,14.5,16.5,15.9,18,21.2,17.4,17.4,17.9,15.5,15.4,14,14.9,15.3,16.6,19.4,18.4,20.2,21.2,22.8,22.7,        Information & Communications
16,15.7,16.2,16.5,17.1,17.7,17.4,20.3,23.8,22.5,23.7,25.2,24.7,23.4,28.2,27.7,29.2,33.1,30.7,32.9,31.6,37.5,40.2,36.9,38.3,36.8,        Financial & Insurance Services
6.7,6.3,4.7,4.7,5.5,5.3,4.8,5.7,6.1,6.7,6.2,7.2,7.5,6.7,6.8,6.7,5.6,7.6,6.4,6.5,5.8,5.7,5.7,6.6,6.6,6.5,        Real Estate Services
12.2,9.8,9.8,11,11,15.8,17.5,15.9,18.8,18,18.3,20.1,22,20.7,20.5,25.2,21.4,22.5,24.5,26,24.7,27.5,26.2,25.6,27.9,27.3,        Professional Services
7.1,6.7,8,7.9,7.1,8.7,8.4,8.7,8.7,8.6,8.9,9.2,9.7,8.4,8.5,9.3,10.8,9.1,10.2,10.3,9.7,9,9.1,9.5,10,10.1,        Administrative & Support Services
18,18.7,20.4,22.1,20.3,20.8,23.6,22.4,26.1,28.2,31.1,31.3,29.9,34,30.4,32.7,34.6,35.1,35.5,35.5,35.6,41.2,38.6,35.9,39.3,41,        Public Administration & Education
6.6,8,8.5,8.3,8.5,8.4,8.8,9.8,10.5,9.7,10,10.1,10.8,10.7,11.2,10.7,12.5,14.5,15.3,15.1,15.8,18.2,17.7,21.8,22.8,28.5,        Health & Social Services
2.6,1.7,1.9,1.1,2,2.3,2.1,2,2.7,2.3,4,3.7,5.1,4.2,4.1,4.4,4.4,4.5,3.8,4.6,4.3,5,4.2,4.5,4.7,5.9,"        Arts, Entertainment & Recreation"
7.5,9.2,8.1,7.4,6.7,7.6,6.7,7.2,7.2,7.9,7.4,6,6.6,6.6,6.9,6.5,5.6,6.1,7.1,6.4,5.8,6.9,7.2,6.7,6.7,7.4,"        Other Community, Social & Personal Services"
1.9,2.6,2.8,3,2.2,2.4,2.9,2.3,3.8,2.6,5.5,2.7,2.9,3.3,3.5,2.7,2.1,2.6,2,2.5,2.6,2.2,3.4,2.6,2.8,3,    Others
225.7,242.2,239.3,238.6,246.8,247.3,256.1,249.4,253.6,251.2,246,249.4,258.4,258.5,257.2,268.3,260.3,271.5,271.1,262,259.2,268.6,292.7,278.1,285,280.3,Employed Residents Aged 40 - 44 Years
48.1,53.2,52.8,49.8,51.4,47.2,54.1,48.9,51.7,48.1,48.4,43.8,43.7,42.3,36.9,37.5,33.7,34.1,36.1,29.4,29.3,30.1,30.9,26.9,27.7,22.6,    Manufacturing
18,21.1,20.1,20.1,20.3,18.5,18.6,17.3,19.5,18.4,15,14.3,14.1,13.1,12.3,13.1,12.2,12.6,12.6,10.6,9.9,10,12.4,9.2,12.2,10.9,    Construction
157.4,164.5,164,165.6,172,178.9,180.7,180.4,179.4,182,177.9,189,197.6,199.3,205.4,215,212.1,221.9,219.8,219.2,217.5,226,246.5,239.6,242,244.1,    Services
40.7,41.4,39.6,39.1,44.9,49,47.2,41.1,38.1,40.8,38.6,38.2,41.7,39.7,46.1,48.2,46.8,45.1,45.6,43.7,41.1,40.7,46.1,41,40.3,39,        Wholesale & Retail Trade
26.1,28.5,27.1,26.9,24.9,23.3,23.7,24.7,24.4,24.3,22.7,21.6,21.1,20.7,19.1,20.6,19.7,21.1,20.9,20.3,21.4,21.6,21.5,21.5,17.8,23.4,        Transportation & Storage
14.6,15.7,15,15,15.4,14.9,17.1,14.6,13.9,13.3,13.8,12.2,13,12.5,12.9,13.4,11.9,12.7,12,11.6,9.2,9.9,12,11.4,11.7,12.3,        Accommodation & Food Services
6.7,7.6,8.2,7.6,7.7,7.9,8.5,11.7,12.4,13.6,13.5,12.3,13.1,15.5,14.1,14.7,13.6,16.4,15.3,15.1,15.9,15.7,21,22.1,21.4,19.5,        Information & Communications
11.7,11.6,12.8,12.1,13.1,14.8,14.2,16.3,15.8,15.9,15.6,21,22.5,23.7,23.9,24.5,26.7,26.4,28.1,32.5,30,31.9,37,34.2,36.3,35.4,        Financial & Insurance Services
6.5,6,6.2,6.8,5.9,5.5,5.7,5.7,5.8,6.2,4.6,6.9,6.9,7,7.7,7,7.1,6.4,6.1,5.3,6.8,5.9,7.5,6.5,6.7,6.6,        Real Estate Services
9.3,7.3,8.2,9.3,10.2,13.7,14.1,13.9,15.3,15.4,13.5,20,19,21.9,21.4,22.4,22.4,27.1,21.3,23.3,24.6,24.7,25.3,26.8,27.3,25.5,        Professional Services
7.5,8,8.6,8.5,8.5,9.1,8.9,9.7,9.8,10.5,9.8,9.9,9.8,8.1,8.2,9.4,9.5,9,10.9,9.8,11.1,9.4,9,10.1,10.1,11,        Administrative & Support Services
17.6,19.6,20,21.7,21.4,20.4,19.9,20,22.3,20.9,24,25.5,27.5,28.7,28.5,30.2,31,33.7,34.4,33.6,35,40.3,38.4,36.6,40.2,39.3,        Public Administration & Education
6.4,7.6,7.2,7.8,9.2,8.3,8.9,8.9,8.7,9.2,9.6,9.9,11.6,10.1,11.6,11.3,11.3,13.1,12.9,13.2,12,15.4,17.7,17.5,18.8,20.3,        Health & Social Services
2.6,2.3,2.3,2.4,1.8,2.5,2.2,3.2,2.8,2.5,3.7,3.1,3.8,3.8,4,4.3,4.7,3.6,4.1,4.8,4.1,4.2,4,4.7,4.5,4.6,"        Arts, Entertainment & Recreation"
7.7,9,8.9,8.4,9,9.4,10.3,10.7,10,9.4,8.6,8.5,7.6,7.6,7.9,8.8,7.3,7.4,8.2,6.2,6.3,6.6,7,7.2,7,7,"        Other Community, Social & Personal Services"
2.2,3.4,2.3,3.2,3,2.7,2.7,2.8,3,2.7,4.7,2.3,3,3.7,2.7,2.7,2.2,2.9,2.5,2.8,2.6,2.4,2.9,2.4,3,2.8,    Others
185.5,203.3,207.4,215.9,226.8,224.1,253,249.5,253.7,249.3,258.8,260.8,261.5,258.3,245.9,251,251,264.2,261.7,273.8,266.3,252.3,295.6,264.9,262.7,267.2,Employed Residents Aged 45 - 49 Years
38.4,41.1,41.7,42.7,43.7,38.3,45.9,43.6,47.7,42.2,43.8,46.8,44.9,45.4,36,37.1,33.8,35.2,33.7,33.5,30.7,29.9,34.9,30.3,27.5,28.7,    Manufacturing
12.5,15.2,16.8,16.8,16.9,15.4,18.4,20.6,21,21.7,19.8,19.3,19,16.8,14.5,16.6,14.4,14.4,15.3,13,12.2,12.1,13.6,13.2,11.1,13.2,    Construction
132.5,143,145.7,153.1,162.7,167.2,185.5,181.8,182,182.1,189.8,191.9,193.8,192.8,193.2,195.1,200.6,212.4,210.1,224.7,221,207.9,244.5,218.6,221.6,223.3,    Services
31.8,34.4,33.7,36,40.6,41.9,46,40.9,40.3,40,40.8,45.6,42.6,44.3,44.7,49,49.6,46.8,45.6,48.5,44.3,40.8,47.4,42.9,41.4,45.4,        Wholesale & Retail Trade
25,28.9,26.8,28.1,28.7,27.9,29.8,30,29.6,27.6,27.9,27.5,26.9,24.3,23.1,19.5,21.5,23.3,23.5,25.1,24.3,24.3,24.1,22.1,20.6,21.5,        Transportation & Storage
15.1,16.6,17.5,17.2,17.6,17.5,20.5,18.3,17.9,16.9,17.6,18.2,17.4,14.4,14.4,14.1,14.1,14.3,13.1,12.9,12.4,11.5,13.5,10.6,12.4,11.5,        Accommodation & Food Services
4.2,5.2,4.8,5.8,6.7,5.4,6.4,8.2,8.3,8.1,9.4,7.8,8.2,8.9,8.9,9.7,9.5,11.3,12.8,12.9,16,14.7,14.7,15.7,15.8,14.3,        Information & Communications
8.2,9.4,8.9,8.7,10,11.3,11.6,11.5,13.5,12.8,12.3,14.9,15.9,14,18.5,18.3,21.2,22.3,23.6,25.8,28.6,25.5,30.9,29.6,30.7,31.2,        Financial & Insurance Services
5.8,5.6,5.9,4.4,5.2,5.5,6.5,5.6,6.4,6.6,6,5.8,6.7,6.2,7.5,6.4,6.2,6.8,6.9,5.9,6.7,6.5,8.1,6.9,7.2,6.4,        Real Estate Services
6.4,6,6.7,6.9,8.1,10.1,10.3,10.7,11.3,12.7,13.3,15.9,16.2,18.9,17.7,18,19.3,21.5,20.4,23,22.7,21.5,25.8,23.1,24.2,23,        Professional Services
7,5.6,7.2,8.5,9.2,9.6,11.1,12,11,11.4,14.3,11.4,11.2,11.2,10.3,11.6,10.4,12.9,10.9,13,11.1,8.3,9.7,9.9,10.3,9.3,        Administrative & Support Services
14.1,14.8,16.3,19,18.3,18.2,20.4,20.6,20.4,22.5,24.9,22.4,24.2,25.6,26.5,24.7,25.4,26.2,28.5,33,29.2,32.4,39.9,31.2,32,33,        Public Administration & Education
5.9,7.6,7.6,7.6,7.5,8.6,10.2,9.6,8.9,9.5,9.4,9.7,10.5,11.4,11.2,11.3,11.8,13.5,12.6,13.2,14.3,12.8,18.1,16.3,15.8,16.1,        Health & Social Services
2.4,1.4,2.4,2,1.9,2.6,2.1,2.8,3,2.7,3.4,3.6,3.7,3.7,2.5,4.1,3.3,4.3,4.2,3.4,3.6,2.6,4.7,3.6,4.5,4.6,"        Arts, Entertainment & Recreation"
6.7,7.6,7.8,9,8.8,8.6,10.6,11.5,11.4,11.4,10.5,9.2,10.3,10,7.9,8.4,8.4,9.2,8,8,7.8,6.9,7.7,6.6,6.8,7.1,"        Other Community, Social & Personal Services"
2.1,3.9,3.3,3.3,3.5,3.2,3.2,3.6,3,3.3,5.3,2.9,3.9,3.3,2.2,2.2,2.3,2.2,2.6,2.6,2.5,2.4,2.6,2.8,2.4,1.9,    Others
132.7,154.5,160.6,167.5,172.8,175.1,203.2,209.9,217.7,221.9,227.4,238.4,241.2,248,254.6,255.4,253.9,244.3,251.1,247,237.1,213,247.9,260.5,260.7,263.1,Employed Residents Aged 50 - 54 Years
23.1,28,29.5,31.2,32.1,28.3,33.9,32.7,36.9,37,35.5,36.6,37.7,37.8,36.2,33.5,33.9,31.4,32.9,31.8,30.3,25.2,31.6,28.8,32,28.7,    Manufacturing
7.9,9.6,10.2,11.4,11.7,11,14.7,15.5,17.1,18.5,16.5,16.2,18.6,18.9,18,20.1,17.3,15.5,16.2,16.3,13.9,12.5,10.9,12.4,13.7,12.1,    Construction
99.6,114.1,117.9,122.6,126.2,133,151.2,158.6,160.3,163.9,170.1,181.8,180.5,187.9,197,199,201,195.1,200.1,196.8,190.4,172.9,203.9,217.6,212.3,220.3,    Services
22.7,25.3,27.3,27.9,28.5,31.4,35.4,34.5,33.9,35.5,36.9,39.8,40.6,39.2,47.3,46.9,46.2,48.1,44.6,45.1,38.7,35.2,40.7,41.1,41.9,39.7,        Wholesale & Retail Trade
17.9,21.5,24,24,25.7,25.4,28.1,30.5,30.2,29.8,28.9,31.8,28.7,30.8,27.2,29.1,27.6,26.6,27.1,26.1,27.1,18,24.9,28.8,24.9,26.9,        Transportation & Storage
13.2,16.6,15.3,16.5,17.2,15.1,19.3,19.1,19.8,18.6,19.1,19.3,19.4,18.2,19.6,17.8,18,15.1,16.4,15.2,13,12.1,11.6,14.8,15.1,15.3,        Accommodation & Food Services
2.2,3.1,2.9,3.1,3.6,2.9,3.4,4.5,5.7,6,6.3,6.6,6.7,6.7,7.2,6.8,6.9,7.4,7.4,9.1,8.7,9.2,12.6,11.9,13.3,14.5,        Information & Communications
5.3,6.3,6.8,6.5,5.1,7.6,8.2,7.2,8.1,9.4,9,11.2,11.3,13.7,15.5,13,18.4,16.3,19.2,18.8,20,19.6,22,23.3,26.1,24.8,        Financial & Insurance Services
3.5,3.2,3.7,4.5,3.5,3.9,5.3,5.5,4.8,4.5,5,6.2,6.8,7.2,7,8.2,7,7.2,6.1,6.7,4.7,5.8,7.9,6.4,5.8,7.8,        Real Estate Services
3.9,3.5,3.7,4.8,5.5,6.6,7.4,7.6,9.9,9.1,10.6,9.8,11.9,13.4,15.1,17,16.7,16.6,18.5,17.3,17.4,15.7,21.1,22.1,20,20,        Professional Services
6.1,7.2,6.8,7.9,9.5,10,10.7,12.2,11.6,10.6,12.8,12.1,12.8,11.9,12.4,13.6,12.5,12.9,12.4,12.1,13.5,11.2,11.6,12.1,10.3,10.6,        Administrative & Support Services
12.8,14.5,13.6,12.3,13.6,14.9,14.6,16.8,16.3,18.9,19.2,21,20.3,22.2,22.4,23.4,22.5,22.1,23,22.5,23.7,23.5,26.1,28.8,27.7,34.2,        Public Administration & Education
5,5.5,5.8,5.9,6.3,6.6,7.6,8.4,8.7,8.8,8.8,9.8,9.3,10.4,10.7,10.9,11.8,11.8,13.3,13.3,13.1,12.2,14.8,16,16.1,16.4,        Health & Social Services
2,1.8,1.8,1.9,1.3,2.1,2.4,2.7,2.2,2.5,3.5,3.5,4.2,3.6,3.2,3.3,4,2.5,3.5,2.7,3.3,2.6,3.3,3.3,3.7,3.1,"        Arts, Entertainment & Recreation"
5,5.7,6.2,7.3,6.4,6.5,8.6,9.4,9.1,10.1,10.2,10.7,8.6,10.7,9.5,9,9.3,8.5,8.8,8,7.3,7.8,7.3,8.8,7.3,6.9,"        Other Community, Social & Personal Services"
2,2.8,3,2.3,2.8,2.8,3.5,3.1,3.3,2.5,5.3,3.8,4.4,3.4,3.5,2.8,1.8,2.2,1.9,2.1,2.5,2.3,1.6,1.7,2.6,2,    Others
61.8,64.8,83.1,92.9,106.4,109.1,135.8,143.5,146.5,150.7,172.8,181.6,191.3,199.1,213.9,216.4,218.6,205.4,217.3,227.8,224.5,213.9,234.6,233.5,220.1,228.5,Employed Residents Aged 55 - 59 Years
9,9.5,12.3,14.4,17.1,15.2,19.6,22.1,22.5,24.4,22.1,26.4,29.3,26.9,27.3,25.3,24.2,24.2,25.9,25.8,25.2,24.7,27.1,28.3,25.6,27.1,    Manufacturing
3.7,3.6,4.6,6.2,5.9,6.2,8.1,9,9.7,11.5,11.8,11.6,12.5,14.6,13.7,16.9,13.9,12.9,14.6,16,14.6,13.5,13.4,13.4,13.3,12.5,    Construction
47.8,49.9,64.5,70.7,80.7,85.3,105.4,109.2,110.8,112.1,134.7,140.6,146.5,154.9,169.9,170.6,177.9,165.9,174.1,183.1,181.7,173.1,192.7,190,179.5,187,    Services
10.7,10.5,14.2,15.5,17.7,19.6,22.5,21.2,22.5,22.7,27.1,28.2,30.4,28.2,39.1,38.8,40.9,37.2,37.4,38.8,38,37.8,41.4,38.5,33.9,36.2,        Wholesale & Retail Trade
8.4,9.3,11.5,13.3,15.5,15.4,20.7,21,22,22.8,26.6,26.7,27.4,28.2,29.5,28.3,27.4,27,27,27.4,28.7,24,25.7,28.2,25.2,23.6,        Transportation & Storage
7.2,7.8,9.7,9.6,11.3,11.3,15.8,14.8,13.5,14.6,16.7,17.2,16.6,18.6,18.6,19.2,18,16.7,16.2,17.9,16.9,13.3,14.5,14.9,16.8,14.6,        Accommodation & Food Services
0.8,0.9,0.8,1.5,1.8,1.2,2.1,2.9,3.2,3,3.6,3.8,4.2,5.1,4.9,4.2,3.9,4.9,4.4,4.6,5.1,5.4,7.9,6.7,8.7,8.4,        Information & Communications
1.9,1.9,2.1,3.4,3.1,3.9,4.2,4.9,4.1,4.9,5.2,6.8,6.6,8,8.4,10,12.4,10.7,13.3,13.9,13.4,14.8,17,17.4,15.1,18.6,        Financial & Insurance Services
1.4,1.1,2,2.3,2.2,2.5,3.1,3.4,3.7,4.4,3.7,5.2,5.2,5.5,5.9,5.7,6.1,6.5,6.7,6.5,5.9,5.3,6.8,6.8,6.7,5.8,        Real Estate Services
1.6,1.6,1.7,2,2.8,3.4,3.7,4.4,5.6,4.9,6.5,7.2,9.1,8.9,10.9,11.3,11.8,12,13.5,13.9,14.4,15.1,16.8,16.1,14.7,16.9,        Professional Services
3.4,4.1,4.9,5.1,7.1,7.5,9.7,11.5,9.9,10.4,13.6,11.7,13.2,12.8,12.6,14.3,16.7,13.1,14,14.9,17.2,14.7,15.5,15.3,12.8,14.2,        Administrative & Support Services
6.2,6.2,9.1,9.5,10,9.4,11.2,11.9,12.5,11.7,15.3,15.4,15.7,18.9,19.2,18.4,17.5,17.6,20.5,23.2,18.8,20.2,20.8,21.1,20.2,22.5,        Public Administration & Education
2.8,3.2,3.6,3.9,4.2,4.9,5.4,5,5,5.1,6.7,8.4,7.7,9,9.4,10.1,11.5,9.7,9.9,10.9,11.8,11.8,15.1,13.2,14.1,14.3,        Health & Social Services
1,0.9,1.3,1.3,1.2,1.5,1.5,1.7,1.5,1.5,2,2.8,2.4,3.2,2.4,3.3,3.4,2.6,3,2.9,2.7,2.7,3,2.6,3,2.9,"        Arts, Entertainment & Recreation"
2.4,2.5,3.7,3.3,3.8,4.7,5.6,6.6,7.2,6.1,7.9,7.2,7.8,8.6,9,7.2,8.3,7.7,8.2,8.1,8.7,7.9,8.3,9.3,8.3,8.9,"        Other Community, Social & Personal Services"
1.2,1.9,1.8,1.6,2.8,2.4,2.7,3.2,3.5,2.6,4.2,3,3,2.7,3,3.7,2.6,2.4,2.7,3,2.9,2.6,1.4,1.9,1.7,1.9,    Others
34.4,42.3,43.2,43.9,43,41.2,54.8,63.9,75.6,87.1,95.5,110.3,123.4,132.2,146.1,149.2,158.8,161.3,165.9,165.8,173.7,192,193.2,189.8,202.7,200.9,Employed Residents Aged 60 - 64 Years
4.3,5.8,4.6,4.8,5.5,4.4,6.5,8.1,9,11,11.4,14.1,15.2,16.5,17.3,16.7,17.3,17.7,16.7,17.4,17.5,19.7,21,19.1,20.1,21.5,    Manufacturing
1.7,2.1,2.3,2.4,2.3,2,3.2,4.1,5.2,5.1,4.3,5.9,7.3,8.3,7.6,9.1,9.5,8.9,10.8,10.6,9.7,10.6,11.8,11.7,12.2,13.5,    Construction
27.8,33.5,35.4,35.2,34.1,33.7,44,50.8,60.2,69.5,77.2,88.3,98.9,104.5,118.4,121.2,129.9,132,136.2,135.8,144.9,158.6,158,157.1,168.1,163.9,    Services
6.2,8,7.5,8.1,8,7.6,9.2,10.7,12.4,13.9,15.7,17.1,20.7,21.6,23.9,25.8,28.6,28,28.7,30.7,30.2,33.1,31.5,30,31.4,31.3,        Wholesale & Retail Trade
5,6.1,6.2,6.1,5.8,5.8,8.3,9.2,12,12.9,14,17.3,18.6,17.8,22.2,21.7,21.5,23.5,23.2,23.4,26.9,26.5,25.9,25.3,27.1,26.3,        Transportation & Storage
4.4,5.6,6.2,7,5.5,5.3,6.5,7.5,8.7,11.1,10.6,13.3,12.7,15,13.3,14,16,15.9,14.7,14.4,15.5,16.2,15.7,17.2,17.4,17.2,        Accommodation & Food Services
0.4,0.7,0.7,0.4,0.2,0.4,0.4,0.6,0.8,1,1.1,1.6,1.7,2,2.1,1.8,2.5,2.5,3.3,2.7,3.1,4.2,4.3,3.7,4.1,3.9,        Information & Communications
1.1,0.8,1.2,1.2,1,0.9,1.4,1.4,1.8,2.2,3.3,3.4,3.8,4.2,5.8,5.3,8.4,7.4,7.6,9.4,7.8,9.4,11.2,10.9,11.3,10.5,        Financial & Insurance Services
0.9,0.9,0.8,0.7,0.8,0.8,1.3,1.2,1.5,2.8,2.3,2.4,3.3,3.4,4.4,5.3,5.3,6,6,3.9,4.7,5.3,7,6.1,6.7,6.8,        Real Estate Services
1,1.2,1.2,1.1,0.9,1.5,1.7,1.5,1.8,2.3,2.9,3.4,5,6.1,7.2,7.6,7.3,7.3,8.6,7.5,8.5,10.9,9.3,11.2,11.3,12.3,        Professional Services
2.9,3.7,4.3,4,4.6,3.9,5.4,6.8,6.7,7.7,9,10.5,10.8,10.9,12.1,11.3,14.7,13.1,14.8,14.1,15.2,16.7,16.9,15.1,17.7,16.7,        Administrative & Support Services
2.4,2.4,2.6,2.9,2.9,2.7,3.5,4.5,6,6.3,7.8,8,8.7,10.2,11.6,12.4,11.8,10.9,11.9,13.2,14.3,15.2,14.4,15,16.1,15.1,        Public Administration & Education
1.4,1.6,2.2,1.8,2,1.9,2.7,2.9,3.3,3.5,4.3,4.3,4.3,5.4,7.1,7.2,6.2,7.8,8.3,8.8,9.7,10.1,11.9,11.5,13.2,12.7,        Health & Social Services
0.7,0.8,0.6,0.5,0.4,0.6,0.8,0.8,0.9,1.2,1.4,1.6,2.4,1.9,2.4,1.7,1.8,2.1,2.3,2.2,2.2,2.4,2.4,2.6,2.5,2.6,"        Arts, Entertainment & Recreation"
1.5,1.8,1.8,1.5,2.1,2.2,3,3.6,4.3,4.7,4.7,5.4,7,6.1,6.4,7.1,5.9,7.3,6.7,5.4,6.8,8.7,7.7,8.5,9.2,8.5,"        Other Community, Social & Personal Services"
0.6,0.9,0.9,1.4,1.1,1.1,1.2,0.9,1.1,1.5,2.7,2,1.9,3,2.8,2.1,2.1,2.7,2.2,2,1.6,3.1,2.4,1.9,2.3,2,    Others
24.2,28.2,28.3,30.6,28.7,30.7,44.4,46.1,50.3,57.1,59.7,73.9,83,96.1,114.7,115.3,126.8,141.5,144.9,159.6,175.2,198.5,207.3,217,247.5,260.2,Employed Residents Aged 65 Years & Over
2.5,2.6,3.2,3,2.8,2.6,3.9,4.6,5,5.3,6.2,7.2,8.4,9.1,9.5,9.3,10.8,10.8,12.4,13.3,15.3,18.1,17.4,19.4,25,24.2,    Manufacturing
0.7,1,0.8,1.1,1.3,1.1,1.4,2.3,2.2,3.1,2.8,3.7,4.3,4.4,6.8,6.2,6.5,7.4,8,7.9,9.1,12,11,9.5,15.3,15.1,    Construction
20.8,24.1,24.1,26,24.3,26.6,38.5,38.8,42.4,47.9,50.1,62.2,69,81.1,97,98,107.7,121.4,122.7,136.4,148.8,165.7,175.7,185.4,205,219,    Services
6.3,7.5,5.8,6.6,6.5,7,9.4,9,9.2,10,9.3,11.9,13.6,16.1,22,19.9,23.1,25.9,24.8,28.4,29.9,33.9,36.4,33.6,38.4,42,        Wholesale & Retail Trade
2.1,2.3,3,3.4,3.2,2.8,4.1,5.7,5.3,6.4,6.1,8.6,9.1,11.2,12,13.2,14,16.2,15.7,19,20.6,21.6,24.4,25.8,28,28.5,        Transportation & Storage
3.6,4,4.1,4.6,3.7,4.4,6.9,7.4,7.9,8.1,8.4,10.3,10.9,13.6,14.4,15.6,16.2,18.1,18.4,19.2,19.7,21.9,21,26.1,30.4,32.3,        Accommodation & Food Services
0.2,0.3,0.2,0.1,0.4,0.2,0.2,0.5,0.3,0.4,0.6,0.5,0.8,1,1.3,1,1.9,1.3,1,1.8,1.9,1.9,2.9,3.1,2.9,3.7,        Information & Communications
0.7,0.7,0.8,0.6,0.6,0.8,1.4,0.8,0.9,1.4,1.6,2,2.5,2.7,3,3.1,3.9,5.5,5.2,5.8,6.7,9.3,9.6,9.6,8.9,9.7,        Financial & Insurance Services
0.7,0.2,0.8,0.8,0.4,0.7,0.9,1.2,0.8,1.9,1.1,1.4,2.3,2.7,3.6,4.4,4.4,4.3,4.6,4.9,4.7,6,7.6,7.9,7.4,9,        Real Estate Services
0.6,0.5,0.7,0.4,0.8,1.1,1.1,1.3,1.5,1.6,2.3,2.7,2.3,3.5,4.7,4.8,5.1,6.1,7.6,7.9,8.6,10.3,10.4,11.3,11.2,10.7,        Professional Services
3.2,4.3,4.6,4.7,4.4,5.1,7.5,6.6,8.1,7.7,10,11.8,13,13.5,15.5,16.4,16.8,21.5,21.4,20.8,25.5,27,27.7,29.7,33.9,33.3,        Administrative & Support Services
0.8,1.1,0.9,1.4,1.1,1.2,2.2,2.2,2.1,3.7,4,4.6,5.4,5.2,6.6,7.9,8,8.4,9,10.7,9.4,9.8,12.1,13.3,13.8,14.4,        Public Administration & Education
0.8,1,0.8,1.3,1.1,1.2,1.7,1.3,2,2.2,2.2,2.7,3.4,4,6.1,4.9,6.1,6.5,6.7,8.4,10.3,10,9.5,10.7,13.3,14.2,        Health & Social Services
0.5,0.4,0.7,0.5,0.4,0.6,0.5,0.6,0.7,0.6,1.1,0.9,1,1.2,1.7,1.4,2.3,1.2,1.9,1.8,2,2.4,2.4,3.2,2.6,3.3,"        Arts, Entertainment & Recreation"
1.4,1.9,1.7,1.6,1.9,1.6,2.6,2.2,3.4,4,3.5,4.9,4.7,6.3,6.3,5.4,5.8,6.6,6.5,7.7,9.3,11.7,11.7,11,14.3,18.1,"        Other Community, Social & Personal Services"
0.2,0.4,0.3,0.6,0.3,0.4,0.6,0.5,0.7,0.8,0.7,0.8,1.2,1.5,1.4,1.8,1.9,1.8,1.8,2.1,2,2.8,3.2,2.8,2.2,1.8,    Others
